{
    "7fa35a54375e7e917422f4f305836ea81363bcde": {
        "saldo": "107"
    },
    "53851a1aae72cf759629d27cd6a24c5987348459": {
        "saldo": "12",
        "dataTime": "01-02-2022",
        "ip": "0f81add531e06557a1f97ac9cdcef1d6",
        "token": "YjllMGY5NzE4ZWU5OTJiNDhmNGMzNDVlN2IwZjExYTc"
    },
    "767425c571372333bf1b86ca3d4164716c4c7724": {
        "saldo": "88",
        "dataTime": "01-02-2022",
        "ip": "5cc39b1f444d74a029ddc52c2199036e",
        "token": "N2Q3ZTAxZWQ2MTE2NzEyOTA3M2U3M2JmYmZjMzIxZTM"
    },
    "8b2d036eba925d9b9e95e2df0eb890d059fb33e8": {
        "saldo": "28",
        "dataTime": "31-01-2022",
        "ip": "ba842893e41b3e02cb39437edef59578",
        "token": "ZDA3NWRiZDE3ZTk3OTVjZDIyNDNlOTUzMWQ0OWViOTE"
    },
    "a91b275737035bd92a2c380bacc77c23c16ad666": {
        "saldo": "300"
    },
    "c3b8932554f2544a9180439536b6898c91e3bafc": {
        "saldo": "51",
        "dataTime": "01-02-2022",
        "ip": "3987feced21fc79f1eca0937dbbc1619",
        "token": "NzE4ZWUwOGEzMmZlNTkyNGJkZDYzOTVmNDMxMzVlNGI"
    },
    "f75f59866cd1d986746151d756729763dc58aef7": {
        "saldo": "15"
    },
    "87281ae61d7a56c63b1b07127f1c5ec1973034ff": {
        "dataTime": "31-01-2022",
        "ip": "82b8acd142b2b7ba6a01c7ddbf7538c5",
        "token": "MWFmZGZmODg1ZTMwMmE2NjY2OGMyZWI4ZDI3M2RmM2M",
        "saldo": "118"
    },
    "8dcfa95c59c9f0907df3acb8c03dac4ac03d5a02": {
        "dataTime": "31-01-2022",
        "ip": "1860adecef35a0de76cffdb42ec08ffc",
        "token": "MmZmNDFkZmQ1ZGNiZDk3ZTQ0ZTJkYmUyYjc2MWJiYTk",
        "saldo": "1"
    },
    "6a966e73957800b85ecd85f54417e97b8cbfccc4": {
        "dataTime": "01-02-2022",
        "ip": "bb5c563ada786c5c5fe8e8b6b74f4d83",
        "token": "NDIxMGQ3NWMwZWEzMzI2YzY5YjA4MGE1MTUyOWJlMzA",
        "saldo": "32"
    },
    "ea02b6fb4aa938df3f1485331b7d551037350032": {
        "dataTime": "31-01-2022",
        "ip": "80a1d9bd73756f17dc08c59033662848",
        "token": "YWRmMGIxNTczM2ExOTc1ZjJjYzNmNDcyODgyYjYxZWM",
        "saldo": "293"
    },
    "bd50869c487dd4f86d6ff0557a1965dece7de291": {
        "saldo": "14"
    },
    "": {
        "dataTime": "31-01-2022",
        "ip": "bab9962d2b258a33157c83d3e893038b",
        "token": "ZGNlNjJhOGFkN2I2NWE0YWNmYzAyYTE3NzQ1NzI3NzI",
        "saldo": null
    },
    "340921a3b924d56f139332d21af0298d2f08d549": {
        "dataTime": "31-01-2022",
        "ip": "9ed8276cbfb9d68b10b77d20a1fa4dc3",
        "token": "ZWRlNjk5NjJjOTBlZjBiNDliODVhYWM0ZWE1ZDYyMWU",
        "saldo": "88"
    },
    "660883cb1e36f6963b7494608bd38a34f93270c9": {
        "dataTime": "31-01-2022",
        "ip": "74dd99d3f46497c34dd9d0a3b49b789c",
        "token": "M2IzMzFkMWM1N2JkY2RlNmRmMGUzN2RiNDI0ZDgyMTY",
        "saldo": "11"
    },
    "abe2fca56fa58c64fc386a14662b56a1e1446cbe": {
        "dataTime": "01-02-2022",
        "ip": "85b2e2ebcfdda99686a6be8b91d505ac",
        "token": "NDMxYWE1Y2JkODliMzZiMzQ5MzJmYTM0NDk0OTA5MDk",
        "saldo": "80"
    },
    "c26da2248d8dc7fd2d2baf2bf155e83b04a6d4e4": {
        "dataTime": "31-01-2022",
        "ip": "1f0cf0c472f40432088b3b428e3b837c",
        "token": "MGRmZGQ2Yjc1M2IyOWE2ZTM1ZWE5ODVjMmJmZmEyOGU",
        "saldo": "100"
    },
    "ecbbd80745e7880ae62fbe987fb848d958f1690b": {
        "dataTime": "31-01-2022",
        "ip": "cc2d6dc9ca46655430ae3ff870e796b4",
        "token": "MmY1ODA0MDI4NTA3Y2JhZmJiYThlMWFlNDlmYTE2ZDk",
        "saldo": "30"
    },
    "c74c3d75ba6850d910a94aa09944e9a97996e3b7": {
        "dataTime": "01-02-2022",
        "ip": "4692824abf5b11223dfbe2f7b88bcc73",
        "token": "ODBjODVmOGJiOGE5NTUwODBkOWU3MDI4MDEyZGZkZTI",
        "saldo": "92"
    },
    "0d9de1f5a30cb62fdb5a665912601190bf825d34": {
        "dataTime": "31-01-2022",
        "ip": "83f4b29f4db27cd969ea02b85e3d814c",
        "token": "M2ZjZWU3MjAwMTNkMmU1MTFkZjVkYzY5NjE2NjJlN2M",
        "saldo": "68"
    },
    "76f1bf07b41d3627c3704e7f9e9881c16c10a964": {
        "dataTime": "31-01-2022",
        "ip": "9a5b3aa9ef935c6707417dca714e8944",
        "token": "NThlYmQ3ZWIwZjQyNDhhNzJhZjBkODMxMmNlMzdiMmI",
        "saldo": "138"
    },
    "e9724d6ff99b41f9f3ad1cc8dff7284490e02ea4": {
        "dataTime": "31-01-2022",
        "ip": "ab44d503070216983dfc85c308a3e944",
        "token": "MDVjYjlmZjZkMmQ0MTg2NzgxMzQ5M2M1YmFiOWMwZmE",
        "saldo": "8"
    },
    "e8a08d6477709a51431daa2dde0552bd28801744": {
        "dataTime": "01-02-2022",
        "ip": "1711565b7705ff8067d804ffc17b2f0c",
        "token": "M2JmZjk2OWRiNmQxYzQ3N2UxYTgxNjNmZTIyZWZjZjg",
        "saldo": "166"
    },
    "f35cf2773f7a3791d1587bc9983c1d15cd3c841e": {
        "dataTime": "01-02-2022",
        "ip": "0a62a370aa7f239079442e8bd38fac71",
        "token": "ZTJlYTlhMmJiMTM3YjJlZWU3ZmYzOWMxNjVlNmNmYjk",
        "saldo": "28"
    },
    "baeda22163ec1c58fbf47fd2e4c46f435795bda9": {
        "dataTime": "01-02-2022",
        "ip": "7f0a5251188e8d790164ef7945ddd642",
        "token": "MTI1Mzg3ZGNmZGEzZDc3YzY4OTRkNGUxMTc2YmFkZWE",
        "saldo": "25"
    },
    "9bf640ddd377de0ba6a8c8a5693571479ab9c656": {
        "dataTime": "01-02-2022",
        "ip": "9ae6842016dda6c37aeb7f0d0cdd442e",
        "token": "Nzk3ZDEyOWNjYjcwMDY3YzVkNWQwZmViZDRmNzZkMWM",
        "saldo": "30"
    },
    "9fc595402cb029a1b6b68f9f5b53d47a3ca740f0": {
        "dataTime": "01-02-2022",
        "ip": "a9cba7fa092454a925ff4f60bc309551",
        "token": "YmIxNmI3MjM3YzFmMzI4YjQwODMwNDFkYjM4OWFmODU",
        "saldo": "125"
    },
    "5e841794f86457e2ae6cc4ad4e197583ca30f980": {
        "dataTime": "01-02-2022",
        "ip": "ffe3fa762fe890be6876b79be405d9fd",
        "token": "OGFjOGJmODg0M2QwZmZhZmUwZWM1MDZlNjVmZjRlNjY",
        "saldo": "82"
    },
    "94da21bf3b61571298e9ca522730bf75acc5d72a": {
        "dataTime": "01-02-2022",
        "ip": "871852608acbb3297e971b4b8330b54a",
        "token": "N2VlMmE1YTljMzg4NTE4YTFiNjNmM2RiMTUwYTIwMzc",
        "saldo": "76"
    },
    "4f44885290189542d1b874ec705f6622458e6055": {
        "dataTime": "01-02-2022",
        "ip": "0d1bb8a2e0f95d16914153c9abc1cb1a",
        "token": "NTkwNTdlNWUzNjVmYmZmYjRmYzMwZDI3MmZjNjQyZDM",
        "saldo": "30"
    },
    "ddf2b948dce41fdec64bff5b934ce464fd70d56c": {
        "dataTime": "01-02-2022",
        "ip": "ac781181a96e6c631af0bfbc2ce5fc16",
        "token": "M2RjNTIwMDNmNDhjN2Y4NzVjZTA4YTM0NTEwNzMwMjM",
        "saldo": "120"
    },
    "b2ff8115b2fcc77b6796d7e9c4a66ad5b8960600": {
        "dataTime": "01-02-2022",
        "ip": "b666ebad074c25a191cc20f48719e042",
        "token": "MTA1ZjRmNTcwMjc4NmUxMTZmZDBmZjY4MjZmNDExODg",
        "saldo": "8"
    },
    "f6c86cbb7b28512cbe0c545e47f04ea1117ff8b8": {
        "dataTime": "01-02-2022",
        "ip": "edc4f3b39ebf5e8bacdbb9669fc9107a",
        "token": "ZDg2YTgyMDJhNjBkYmMwNGJkM2FhNTViOTczMWQ0NTY",
        "saldo": "9"
    },
    "ab64222630e15424def59152c1bd08a918542624": {
        "dataTime": "01-02-2022",
        "ip": "ec78907046a8b9b3a19dfc7dfa1a6a76",
        "token": "MDAxMGQ0NzUzNjZhY2FhZWIxOGQ1ZjA0ZWM1M2UxZmI",
        "saldo": "14"
    },
    "94047a38dddf68310a645f8de00d0e8af21ae494": {
        "dataTime": "01-02-2022",
        "ip": "233fde4f8795ce3c317be51a29dfea69",
        "token": "NGE5YTk5ZTIyMmRjMjk4MDRmN2Y2NDRiODJhYjUwNmY",
        "saldo": "24"
    },
    "5db61c70767187a5a7d1e58901b702315a86d2a7": {
        "dataTime": "01-02-2022",
        "ip": "a86d987be3d633e6252cae12ec4491dd",
        "token": "Mjk3ZDU3NDA1MDYwOTJkNGQ1ZGFkOTI4YmM0MjU2MDc",
        "saldo": "40"
    },
    "bee96d8dbd5b630e4f5b73f246d0c086a4269957": {
        "dataTime": "01-02-2022",
        "ip": "46472551fda7a4ad2c2e7b6bb89a8e55",
        "token": "ZmFhNjQ1OTAxM2M5ODM1ZWQ3OTk0NWMyZWNjMzBhNmI",
        "saldo": "44"
    },
    "fe57b1b9f9d9433acca2d8de7df60ca9855fd62d": {
        "dataTime": "01-02-2022",
        "ip": "748d8d765cc1647ccf15b126965d8e78",
        "token": "YjM3MDg5ZGU5Zjk3ZmMzZWMxNDMwNWI1YjcyMGUxOTc",
        "saldo": "14"
    },
    "99339af3086a1c49dc522915064cb57df249863a": {
        "dataTime": "01-02-2022",
        "ip": "c6dc09bd07c1f69d6b4fe4fec0addf25",
        "token": "ZWM0ODc0YzIwNGJjZWNmMTA3NmJjMGVmNDc3NTNkZmI",
        "saldo": "100"
    },
    "6854a0c98dcd14a917c87051309cf4ceffda3495": {
        "dataTime": "01-02-2022",
        "ip": "edf4111f0cd01a7f760e5a561f5a95f1",
        "token": "MGM0ZGYzMmUxMjFiZTdmOTI4MzgzMzIxMTNjODMzM2Y",
        "saldo": "94"
    }
}