{
    "": [
        {
            "ip": "186.225.55.145",
            "useragent": "TW96aWxsYS81LjAgKFdpbmRvd3MgTlQgMTAuMDsgV2luNjQ7IHg2NCkgQXBwbGVXZWJLaXQvNTM3LjM2IChLSFRNTCwgbGlrZSBHZWNrbykgQ2hyb21lLzkzLjAuNDU3Ny44MiBTYWZhcmkvNTM3LjM2",
            "time": 1632164337
        },
        {
            "ip": "177.66.118.126",
            "useragent": "TW96aWxsYS81LjAgKFdpbmRvd3MgTlQgMTAuMDsgV09XNjQpIEFwcGxlV2ViS2l0LzUzNy4zNiAoS0hUTUwsIGxpa2UgR2Vja28pIENocm9tZS85My4wLjQ1NzcuODIgU2FmYXJpLzUzNy4zNg==",
            "time": 1632164325
        },
        {
            "ip": "2804:18:582e:edf4:1:0:69bf:90d2",
            "useragent": "TW96aWxsYS81LjAgKExpbnV4OyBBbmRyb2lkIDExOyBTTS1BMzA1R1QpIEFwcGxlV2ViS2l0LzUzNy4zNiAoS0hUTUwsIGxpa2UgR2Vja28pIENocm9tZS84Ny4wLjQyODAuMTQxIE1vYmlsZSBTYWZhcmkvNTM3LjM2",
            "time": 1632164326
        },
        {
            "ip": "129.146.245.89",
            "useragent": "TW96aWxsYS81LjAgKFdpbmRvd3MgTlQgMTAuMDsgV2luNjQ7IHg2NCkgQXBwbGVXZWJLaXQvNTM3LjM2IChLSFRNTCwgbGlrZSBHZWNrbykgQ2hyb21lLzkxLjAuNDQ3Mi4xMjQgU2FmYXJpLzUzNy4zNg==",
            "time": 1632164338
        }
    ],
    "191.101.252.114": [
        {
            "ip": "191.101.252.114",
            "useragent": "TW96aWxsYS81LjAgKFdpbmRvd3MgTlQgMTAuMDsgV2luNjQ7IHg2NCkgQXBwbGVXZWJLaXQvNTM3LjM2IChLSFRNTCwgbGlrZSBHZWNrbykgQ2hyb21lLzkzLjAuNDU3Ny44MiBTYWZhcmkvNTM3LjM2IEVkZy85My4wLjk2MS41Mg==",
            "time": 1632164378
        },
        {
            "ip": "191.101.252.114",
            "useragent": "TW96aWxsYS81LjAgKFdpbmRvd3MgTlQgMTAuMDsgV2luNjQ7IHg2NCkgQXBwbGVXZWJLaXQvNTM3LjM2IChLSFRNTCwgbGlrZSBHZWNrbykgQ2hyb21lLzkzLjAuNDU3Ny44MiBTYWZhcmkvNTM3LjM2IEVkZy85My4wLjk2MS41Mg==",
            "time": 1632164386
        },
        {
            "ip": "191.101.252.114",
            "useragent": "TW96aWxsYS81LjAgKFdpbmRvd3MgTlQgMTAuMDsgV2luNjQ7IHg2NCkgQXBwbGVXZWJLaXQvNTM3LjM2IChLSFRNTCwgbGlrZSBHZWNrbykgQ2hyb21lLzkzLjAuNDU3Ny44MiBTYWZhcmkvNTM3LjM2IEVkZy85My4wLjk2MS41Mg==",
            "time": 1632164393
        }
    ],
    "2804:f24:c10c:4900:fd86:69eb:8703:7a6f": [
        {
            "ip": "2804:f24:c10c:4900:fd86:69eb:8703:7a6f",
            "useragent": "TW96aWxsYS81LjAgKFdpbmRvd3MgTlQgMTAuMDsgV2luNjQ7IHg2NCkgQXBwbGVXZWJLaXQvNTM3LjM2IChLSFRNTCwgbGlrZSBHZWNrbykgQ2hyb21lLzkzLjAuNDU3Ny44MiBTYWZhcmkvNTM3LjM2",
            "time": 1632164378
        },
        {
            "ip": "2804:f24:c10c:4900:fd86:69eb:8703:7a6f",
            "useragent": "TW96aWxsYS81LjAgKFdpbmRvd3MgTlQgMTAuMDsgV2luNjQ7IHg2NCkgQXBwbGVXZWJLaXQvNTM3LjM2IChLSFRNTCwgbGlrZSBHZWNrbykgQ2hyb21lLzkzLjAuNDU3Ny44MiBTYWZhcmkvNTM3LjM2",
            "time": 1632164386
        },
        {
            "ip": "2804:f24:c10c:4900:fd86:69eb:8703:7a6f",
            "useragent": "TW96aWxsYS81LjAgKFdpbmRvd3MgTlQgMTAuMDsgV2luNjQ7IHg2NCkgQXBwbGVXZWJLaXQvNTM3LjM2IChLSFRNTCwgbGlrZSBHZWNrbykgQ2hyb21lLzkzLjAuNDU3Ny44MiBTYWZhcmkvNTM3LjM2",
            "time": 1632164390
        },
        {
            "ip": "2804:f24:c10c:4900:fd86:69eb:8703:7a6f",
            "useragent": "TW96aWxsYS81LjAgKFdpbmRvd3MgTlQgMTAuMDsgV2luNjQ7IHg2NCkgQXBwbGVXZWJLaXQvNTM3LjM2IChLSFRNTCwgbGlrZSBHZWNrbykgQ2hyb21lLzkzLjAuNDU3Ny44MiBTYWZhcmkvNTM3LjM2",
            "time": 1632164397
        }
    ],
    "2804:18:582e:edf4:1:0:69bf:90d2": [
        {
            "ip": "2804:18:582e:edf4:1:0:69bf:90d2",
            "useragent": "TW96aWxsYS81LjAgKExpbnV4OyBBbmRyb2lkIDExOyBTTS1BMzA1R1QpIEFwcGxlV2ViS2l0LzUzNy4zNiAoS0hUTUwsIGxpa2UgR2Vja28pIENocm9tZS84Ny4wLjQyODAuMTQxIE1vYmlsZSBTYWZhcmkvNTM3LjM2",
            "time": 1632164379
        }
    ],
    "2804:5f80:708d:6f00:9d83:5f01:3d9:6660": [
        {
            "ip": "2804:5f80:708d:6f00:9d83:5f01:3d9:6660",
            "useragent": "TW96aWxsYS81LjAgKFdpbmRvd3MgTlQgMTAuMDsgV2luNjQ7IHg2NCkgQXBwbGVXZWJLaXQvNTM3LjM2IChLSFRNTCwgbGlrZSBHZWNrbykgQ2hyb21lLzkzLjAuNDU3Ny44MiBTYWZhcmkvNTM3LjM2",
            "time": 1632164381
        },
        {
            "ip": "2804:5f80:708d:6f00:9d83:5f01:3d9:6660",
            "useragent": "TW96aWxsYS81LjAgKFdpbmRvd3MgTlQgMTAuMDsgV2luNjQ7IHg2NCkgQXBwbGVXZWJLaXQvNTM3LjM2IChLSFRNTCwgbGlrZSBHZWNrbykgQ2hyb21lLzkzLjAuNDU3Ny44MiBTYWZhcmkvNTM3LjM2",
            "time": 1632164461
        }
    ],
    "177.137.202.145": [
        {
            "ip": "177.137.202.145",
            "useragent": "TW96aWxsYS81LjAgKGlQaG9uZTsgQ1BVIGlQaG9uZSBPUyAxM181XzEgbGlrZSBNYWMgT1MgWCkgQXBwbGVXZWJLaXQvNjA1LjEuMTUgKEtIVE1MLCBsaWtlIEdlY2tvKSBWZXJzaW9uLzEzLjEuMSBNb2JpbGUvMTVFMTQ4IFNhZmFyaS82MDQuMQ==",
            "time": 1632164382
        },
        {
            "ip": "177.137.202.145",
            "useragent": "TW96aWxsYS81LjAgKGlQaG9uZTsgQ1BVIGlQaG9uZSBPUyAxM181XzEgbGlrZSBNYWMgT1MgWCkgQXBwbGVXZWJLaXQvNjA1LjEuMTUgKEtIVE1MLCBsaWtlIEdlY2tvKSBWZXJzaW9uLzEzLjEuMSBNb2JpbGUvMTVFMTQ4IFNhZmFyaS82MDQuMQ==",
            "time": 1632164390
        }
    ],
    "186.225.55.145": [
        {
            "ip": "186.225.55.145",
            "useragent": "TW96aWxsYS81LjAgKFdpbmRvd3MgTlQgMTAuMDsgV2luNjQ7IHg2NCkgQXBwbGVXZWJLaXQvNTM3LjM2IChLSFRNTCwgbGlrZSBHZWNrbykgQ2hyb21lLzkzLjAuNDU3Ny44MiBTYWZhcmkvNTM3LjM2",
            "time": 1632164410
        }
    ]
}